best_epoch_by_valid_f1_curve_only,best_valid_f1_from_curve_only,note,train_time_sec,train_loss,train_precision,train_recall,train_f1,train_accuracy,valid_loss,valid_precision,valid_recall,valid_f1,valid_accuracy,test_loss,test_precision,test_recall,test_f1,test_accuracy,dlr_ratio,syn_ratio,sample_seed,dlr_total_used,train_real_size,valid_size,test_size,syn_total_used,train_final_size
18.0,0.7471059661620658,No checkpoint saved. Final epoch model was evaluated.,5781.886281013489,5.809410140500404e-05,0.9988769452911921,0.9994381571554699,0.9991574724172517,0.9999746881581079,0.29192957282066345,0.7238259370960792,0.765375854214123,0.7440212577502214,0.9677794163650176,0.32546374201774597,0.7154989384288747,0.7586672669968483,0.7364510489510488,0.9649067150086864,1.0,0.6,220,7434,4460,1486,1488,6558,11018
