entity,precision,recall,f1
location,0.6035889070146819,0.6839186691312384,0.6412478336221836
