best_epoch_by_valid_f1_curve_only,best_valid_f1_from_curve_only,note,train_time_sec,train_loss,train_precision,train_recall,train_f1,train_accuracy,valid_loss,valid_precision,valid_recall,valid_f1,valid_accuracy,test_loss,test_precision,test_recall,test_f1,test_accuracy,dlr_ratio,syn_ratio,sample_seed,dlr_total_used,train_real_size,valid_size,test_size,syn_total_used,train_final_size
18.0,0.7208450097003664,No checkpoint saved. Final epoch model was evaluated.,3325.349907398224,2.9335786166484468e-05,0.9995759567475883,0.9997879334110911,0.9996819338422391,0.9999849426314257,0.3347285985946655,0.6990332072299286,0.7400979083222073,0.7189796800691742,0.9636929618100372,0.3066365718841553,0.7149552620366425,0.7561964849031095,0.7349978098992553,0.9659806803863923,1.0,0.3,110,7434,4460,1486,1488,3279,7739
