entity,precision,recall,f1
location,0.6752642706131078,0.7252497729336966,0.6993650098532954
