entity,precision,recall,f1
location,0.5968672712283595,0.6691312384473198,0.6309368191721134
