entity,precision,recall,f1
location,0.641725352112676,0.6923076923076923,0.6660575605299223
