entity,precision,recall,f1
location,0.5829858215179317,0.6460258780036968,0.6128890837352039
