entity,precision,recall,f1
location,0.6681596091205212,0.7510297482837529,0.7071751777634131
