entity,precision,recall,f1
location,0.5956140350877193,0.6448243114909782,0.6192430460556316
