best_epoch_by_valid_f1_curve_only,best_valid_f1_from_curve_only,note,train_time_sec,train_loss,train_precision,train_recall,train_f1,train_accuracy,valid_loss,valid_precision,valid_recall,valid_f1,valid_accuracy,test_loss,test_precision,test_recall,test_f1,test_accuracy,dlr_ratio,syn_ratio,sample_seed,dlr_total_used,train_real_size,valid_size,test_size,syn_total_used,train_final_size
19.99,0.731239092495637,No checkpoint saved. Final epoch model was evaluated.,3312.706775188446,9.26325810723938e-05,0.9990518331226296,0.9992623814541622,0.9991570961963966,0.9999570198037575,0.3314482271671295,0.7095681625740897,0.7542754275427542,0.731239092495637,0.9634177732689309,0.3260575234889984,0.7186689714779603,0.7572859744990893,0.7374722838137473,0.9646340172671878,1.0,0.3,800,7434,4460,1486,1488,3279,7739
