entity,precision,recall,f1
location,0.6045918367346939,0.6571164510166358,0.6297608503100088
