entity,precision,recall,f1
location,0.6020321761219306,0.6752136752136753,0.6365264100268578
