best_epoch_by_valid_f1_curve_only,best_valid_f1_from_curve_only,note,train_time_sec,train_loss,train_precision,train_recall,train_f1,train_accuracy,valid_loss,valid_precision,valid_recall,valid_f1,valid_accuracy,test_loss,test_precision,test_recall,test_f1,test_accuracy,dlr_ratio,syn_ratio,sample_seed,dlr_total_used,train_real_size,valid_size,test_size,syn_total_used,train_final_size
18.0,0.7344657062997205,No checkpoint saved. Final epoch model was evaluated.,3266.6471371650696,3.827249747700989e-05,0.9994709554544493,0.9996825060853001,0.9995767195767197,0.9999848912548065,0.30930095911026,0.715793918918919,0.7513297872340425,0.7331314878892734,0.9649625085207907,0.2747693955898285,0.721339630742808,0.7709958696649839,0.7453416149068323,0.9689195782998921,1.0,0.3,11,7434,4460,1486,1488,3279,7739
