best_epoch_by_valid_f1_curve_only,best_valid_f1_from_curve_only,note,train_time_sec,train_loss,train_precision,train_recall,train_f1,train_accuracy,valid_loss,valid_precision,valid_recall,valid_f1,valid_accuracy,test_loss,test_precision,test_recall,test_f1,test_accuracy,dlr_ratio,syn_ratio,sample_seed,dlr_total_used,train_real_size,valid_size,test_size,syn_total_used,train_final_size
18.0,0.7489082969432315,No checkpoint saved. Final epoch model was evaluated.,6294.494101047516,3.6055858799954876e-05,0.9995989733718319,0.9998395507420779,0.9997192475835239,0.9999814594763144,0.3213276267051697,0.7258064516129032,0.7716606498194946,0.748031496062992,0.9672523240771383,0.3511574864387512,0.687394247038917,0.7399817850637522,0.712719298245614,0.9643327940559651,1.0,0.6,500,7434,4460,1486,1488,6558,11018
