best_epoch_by_valid_f1_curve_only,best_valid_f1_from_curve_only,note,train_time_sec,train_loss,train_precision,train_recall,train_f1,train_accuracy,valid_loss,valid_precision,valid_recall,valid_f1,valid_accuracy,test_loss,test_precision,test_recall,test_f1,test_accuracy,dlr_ratio,syn_ratio,sample_seed,dlr_total_used,train_real_size,valid_size,test_size,syn_total_used,train_final_size
17.0,0.7328574518710793,No checkpoint saved. Final epoch model was evaluated.,3428.922644138336,4.434816582943313e-05,0.9991517336443644,0.9994696648281715,0.9993106739487778,0.9999773028754735,0.3007590174674988,0.7143461701227254,0.7508896797153025,0.7321622207764042,0.9668004871667644,0.3204386234283447,0.7096502317741256,0.7534675615212528,0.7309027777777779,0.9640836517669362,1.0,0.3,600,7434,4460,1486,1488,3279,7739
