entity,precision,recall,f1
location,0.6774053112755768,0.7121281464530892,0.6943328871039713
