entity,precision,recall,f1
location,0.6467908902691512,0.709355131698456,0.6766298462204895
