entity,precision,recall,f1
location,0.6208368915456874,0.6719038817005545,0.6453617399023525
