best_epoch_by_valid_f1_curve_only,best_valid_f1_from_curve_only,note,train_time_sec,train_loss,train_precision,train_recall,train_f1,train_accuracy,valid_loss,valid_precision,valid_recall,valid_f1,valid_accuracy,test_loss,test_precision,test_recall,test_f1,test_accuracy,dlr_ratio,syn_ratio,sample_seed,dlr_total_used,train_real_size,valid_size,test_size,syn_total_used,train_final_size
19.0,0.7307859313938341,No checkpoint saved. Final epoch model was evaluated.,3452.8422799110413,5.9313621022738516e-05,0.9994734070563455,0.9997892962494732,0.9996313266972138,0.9999723964175569,0.3307810425758362,0.70496632996633,0.7558664259927798,0.7295296167247386,0.965372002767833,0.35062912106513977,0.6864406779661016,0.7377049180327869,0.7111501316944687,0.963314159026904,1.0,0.3,500,7434,4460,1486,1488,3279,7739
