best_epoch_by_valid_f1_curve_only,best_valid_f1_from_curve_only,note,train_time_sec,train_loss,train_precision,train_recall,train_f1,train_accuracy,valid_loss,valid_precision,valid_recall,valid_f1,valid_accuracy,test_loss,test_precision,test_recall,test_f1,test_accuracy,dlr_ratio,syn_ratio,sample_seed,dlr_total_used,train_real_size,valid_size,test_size,syn_total_used,train_final_size
18.0,0.7442673072723303,No checkpoint saved. Final epoch model was evaluated.,3411.6901710033417,3.833352093352005e-05,0.9998945592576972,0.9997891407485503,0.9998418472244188,0.9999873666231236,0.3321259319782257,0.7174550020929259,0.7713771377137714,0.7434396009542399,0.9651064599794922,0.3440190553665161,0.7074401008827238,0.7587917042380523,0.7322166630411138,0.9637420467384195,1.0,0.3,1500,7434,4460,1486,1488,3279,7739
