best_epoch_by_valid_f1_curve_only,best_valid_f1_from_curve_only,note,train_time_sec,train_loss,train_precision,train_recall,train_f1,train_accuracy,valid_loss,valid_precision,valid_recall,valid_f1,valid_accuracy,test_loss,test_precision,test_recall,test_f1,test_accuracy,dlr_ratio,syn_ratio,sample_seed,dlr_total_used,train_real_size,valid_size,test_size,syn_total_used,train_final_size
16.0,0.7434325744308231,No checkpoint saved. Final epoch model was evaluated.,6366.521013498306,6.213420419953763e-05,0.9991959475757819,0.9996782237953503,0.9994370275052276,0.9999697117059209,0.3365360498428345,0.730836236933798,0.7551755175517552,0.7428065515714918,0.964916796632497,0.3246670067310333,0.7225609756097561,0.755464480874317,0.7386464826357971,0.9664333126691564,1.0,0.6,800,7434,4460,1486,1488,6558,11018
