entity,precision,recall,f1
location,0.636899747262005,0.6987060998151571,0.6663728514764213
