best_epoch_by_valid_f1_curve_only,best_valid_f1_from_curve_only,note,train_time_sec,train_loss,train_precision,train_recall,train_f1,train_accuracy,valid_loss,valid_precision,valid_recall,valid_f1,valid_accuracy,test_loss,test_precision,test_recall,test_f1,test_accuracy,dlr_ratio,syn_ratio,sample_seed,dlr_total_used,train_real_size,valid_size,test_size,syn_total_used,train_final_size
18.0,0.7284623773173392,No checkpoint saved. Final epoch model was evaluated.,4647.99272608757,1.8009766790783033e-05,0.9996775493752519,0.9998387486898331,0.9997581425346663,0.9999949605918281,0.3323550820350647,0.7085617882749895,0.7476635514018691,0.7275877003031617,0.9649988611343102,0.30244338512420654,0.7185501066098081,0.7593510590356016,0.738387379491674,0.9673306533869322,1.0,0.6,110,7434,4460,1486,1488,6558,11018
