best_epoch_by_valid_f1_curve_only,best_valid_f1_from_curve_only,note,train_time_sec,train_loss,train_precision,train_recall,train_f1,train_accuracy,valid_loss,valid_precision,valid_recall,valid_f1,valid_accuracy,test_loss,test_precision,test_recall,test_f1,test_accuracy,dlr_ratio,syn_ratio,sample_seed,dlr_total_used,train_real_size,valid_size,test_size,syn_total_used,train_final_size
20.0,0.7466260339573356,No checkpoint saved. Final epoch model was evaluated.,6363.098109483719,2.751153260760475e-05,0.9997578301582176,0.9997578301582176,0.9997578301582176,0.9999881414019235,0.32341375946998596,0.7310315430520035,0.7629003558718861,0.7466260339573356,0.9673267475604072,0.3121374249458313,0.7188552188552189,0.7642058165548098,0.7408371286055085,0.9663645250155514,1.0,0.6,600,7434,4460,1486,1488,6558,11018
