entity,precision,recall,f1
location,0.6609149277688604,0.7479564032697548,0.7017469109501492
