best_epoch_by_valid_f1_curve_only,best_valid_f1_from_curve_only,note,train_time_sec,train_loss,train_precision,train_recall,train_f1,train_accuracy,valid_loss,valid_precision,valid_recall,valid_f1,valid_accuracy,test_loss,test_precision,test_recall,test_f1,test_accuracy,dlr_ratio,syn_ratio,sample_seed,dlr_total_used,train_real_size,valid_size,test_size,syn_total_used,train_final_size
19.99,0.7287188306104901,No checkpoint saved. Final epoch model was evaluated.,3273.6185007095337,4.556155181489885e-05,0.9997890740350137,0.9995782370307887,0.9996836444163241,0.9999824443926136,0.36068636178970337,0.7044887780548629,0.7546749777382012,0.7287188306104901,0.9616344164536935,0.3286716341972351,0.7147186147186148,0.7566452795600367,0.7350845948352628,0.9637408568443051,1.0,0.3,55,7434,4460,1486,1488,3279,7739
