entity,precision,recall,f1
location,0.7091858946451893,0.745537757437071,0.7269076305220885
