best_epoch_by_valid_f1_curve_only,best_valid_f1_from_curve_only,note,train_time_sec,train_loss,train_precision,train_recall,train_f1,train_accuracy,valid_loss,valid_precision,valid_recall,valid_f1,valid_accuracy,test_loss,test_precision,test_recall,test_f1,test_accuracy,dlr_ratio,syn_ratio,sample_seed,dlr_total_used,train_real_size,valid_size,test_size,syn_total_used,train_final_size
19.98,0.6915887850467289,No checkpoint saved. Final epoch model was evaluated.,2299.1726157665253,6.842317816335708e-05,0.9996810715994259,0.9995216836734694,0.9996013712827873,0.9999731102379408,0.3266837000846863,0.6635354397950469,0.7221189591078067,0.6915887850467289,0.962941657331436,0.322396457195282,0.6610312764158918,0.725417439703154,0.6917293233082706,0.9631420847101232,0.5,0.3,55,3717,2230,743,744,3279,5509
