entity,precision,recall,f1
location,0.6644125105663568,0.7194508009153318,0.6908371786420566
