best_epoch_by_valid_f1_curve_only,best_valid_f1_from_curve_only,note,train_time_sec,train_loss,train_precision,train_recall,train_f1,train_accuracy,valid_loss,valid_precision,valid_recall,valid_f1,valid_accuracy,test_loss,test_precision,test_recall,test_f1,test_accuracy,dlr_ratio,syn_ratio,sample_seed,dlr_total_used,train_real_size,valid_size,test_size,syn_total_used,train_final_size
19.0,0.7345502529140092,No checkpoint saved. Final epoch model was evaluated.,3623.025568962097,6.878514977870509e-05,0.9995791245791246,0.9995791245791246,0.9995791245791246,0.9999672159259988,0.3250376582145691,0.7082092726499362,0.7585421412300684,0.7325120985481742,0.9641745244372942,0.32946833968162537,0.7024968260685569,0.7474110760918505,0.724258289703316,0.9644988292167083,1.0,0.3,220,7434,4460,1486,1488,3279,7739
