best_epoch_by_valid_f1_curve_only,best_valid_f1_from_curve_only,note,train_time_sec,train_loss,train_precision,train_recall,train_f1,train_accuracy,valid_loss,valid_precision,valid_recall,valid_f1,valid_accuracy,test_loss,test_precision,test_recall,test_f1,test_accuracy,dlr_ratio,syn_ratio,sample_seed,dlr_total_used,train_real_size,valid_size,test_size,syn_total_used,train_final_size
20.0,0.7386655260906758,No checkpoint saved. Final epoch model was evaluated.,4710.098399400711,2.1192774511291645e-05,0.999677523379555,0.999677523379555,0.999677523379555,0.9999882208027354,0.3457287847995758,0.7106995884773663,0.7689225289403384,0.7386655260906758,0.9639771206036266,0.3089856803417206,0.7156398104265402,0.7612282309807517,0.7377304019542527,0.9655918793849828,1.0,0.6,55,7434,4460,1486,1488,6558,11018
