entity,precision,recall,f1
location,0.5984719864176571,0.6695156695156695,0.6320035858359482
