best_epoch_by_valid_f1_curve_only,best_valid_f1_from_curve_only,note,train_time_sec,train_loss,train_precision,train_recall,train_f1,train_accuracy,valid_loss,valid_precision,valid_recall,valid_f1,valid_accuracy,test_loss,test_precision,test_recall,test_f1,test_accuracy,dlr_ratio,syn_ratio,sample_seed,dlr_total_used,train_real_size,valid_size,test_size,syn_total_used,train_final_size
19.0,0.7311729803742583,No checkpoint saved. Final epoch model was evaluated.,3789.202390193939,2.355586548219435e-05,0.9997827739763223,0.9997827739763223,0.9997827739763223,0.9999938880784933,0.3088753819465637,0.706972639011474,0.7556603773584906,0.7305061559507524,0.9675420992932554,0.3785342872142792,0.6841186736474695,0.7186067827681026,0.7009387572641931,0.9611316841949341,0.5,0.6,220,3717,2230,743,744,6558,8788
