entity,precision,recall,f1
location,0.6663879598662207,0.7238873751135332,0.69394862864606
