best_epoch_by_valid_f1_curve_only,best_valid_f1_from_curve_only,note,train_time_sec,train_loss,train_precision,train_recall,train_f1,train_accuracy,valid_loss,valid_precision,valid_recall,valid_f1,valid_accuracy,test_loss,test_precision,test_recall,test_f1,test_accuracy,dlr_ratio,syn_ratio,sample_seed,dlr_total_used,train_real_size,valid_size,test_size,syn_total_used,train_final_size
19.0,0.7015329125338143,No checkpoint saved. Final epoch model was evaluated.,3778.883896589279,2.1658550394931808e-05,0.9997832448249702,0.9998916106655105,0.9998374248089741,0.9999898639334426,0.34954380989074707,0.6786026200873363,0.7207792207792207,0.699055330634278,0.9620318111852232,0.36235082149505615,0.6816220880069025,0.7194899817850637,0.7000443066016836,0.9601089588377724,0.5,0.6,500,3717,2230,743,744,6558,8788
