entity,precision,recall,f1
location,0.6780529461998293,0.7267734553775743,0.7015683675723436
