entity,precision,recall,f1
location,0.6428279525950144,0.7143505903723887,0.6767046676704668
