entity,precision,recall,f1
location,0.6260162601626016,0.6581196581196581,0.6416666666666667
