entity,precision,recall,f1
location,0.6194995685936152,0.6818613485280152,0.6491862567811935
