entity,precision,recall,f1
location,0.6402243589743589,0.731350114416476,0.6827600939970092
