entity,precision,recall,f1
location,0.6904362416107382,0.7475022706630337,0.7178368948975143
