best_epoch_by_valid_f1_curve_only,best_valid_f1_from_curve_only,note,train_time_sec,train_loss,train_precision,train_recall,train_f1,train_accuracy,valid_loss,valid_precision,valid_recall,valid_f1,valid_accuracy,test_loss,test_precision,test_recall,test_f1,test_accuracy,dlr_ratio,syn_ratio,sample_seed,dlr_total_used,train_real_size,valid_size,test_size,syn_total_used,train_final_size
20.0,0.7423882530770892,No checkpoint saved. Final epoch model was evaluated.,4898.568822145462,2.89509061985882e-05,0.9999194782188582,0.9997584735528541,0.9998389694041868,0.9999898941411283,0.3177635669708252,0.7237894736842105,0.761968085106383,0.7423882530770892,0.9671741270923275,0.2873343527317047,0.7315056570931244,0.7714547957778798,0.7509492964038419,0.9700137510904763,1.0,0.6,11,7434,4460,1486,1488,6558,11018
